{
  "left": [
    [
      51.16483516483517,
      -32.967032967032964,
      33.53846153846154,
      56.35164835164835,
      0.21978021978021978,
      1.4150943396226416
    ],
    [
      -77.89010989010988,
      -24.439560439560438,
      27.47252747252747,
      18.021978021978022,
      -0.6593406593406593,
      1.4150943396226416
    ],
    [
      8.0,
      -48.967032967032964,
      -95.86813186813187,
      -37.45054945054945,
      -0.5714285714285714,
      1.4150943396226416
    ]
  ],
  "right": [
    [
      59.38461538461539,
      -5.670329670329671,
      9.538461538461538,
      26.285714285714285,
      0.21978021978021978,
      1.2303485987696514
    ],
    [
      -67.64835164835165,
      -6.813186813186813,
      16.65934065934066,
      26.197802197802197,
      -0.3076923076923077,
      1.2303485987696514
    ],
    [
      -20.967032967032967,
      -58.94505494505494,
      -85.58241758241758,
      -33.75824175824176,
      0.3956043956043956,
      1.2303485987696514
    ]
  ]
}